year,Saudi_GDP_SAR_baseline,Saudi_GDP_SAR_scenario,delta_abs,delta_pct
2025,3881924872046.2563,3807557524529.506,-74367347516.75049,-1.9157338168049003
2026,3952491731420.603,3876772510715.3613,-75719220705.2417,-1.9157338168048925
2027,4024318545035.1304,3947223313771.9414,-77095231263.18896,-1.9157338168049012
2028,4097427809028.2446,4018931998871.5225,-78495810156.72217,-1.9157338168048996
2029,4171842421455.5303,4091921025403.894,-79921396051.63623,-1.9157338168049056
2030,4247585688694.016,4166213253257.9395,-81372435436.07666,-1.915733816804902
