year,Saudi_GDP_SAR_baseline,Saudi_GDP_SAR_scenario,delta_abs,delta_pct
2025,3881924872046.2563,3881924872046.2563,0.0,0.0
2026,3952491731420.603,3952603716035.323,111984614.72021484,0.0028332662616340344
2027,4024318545035.1304,4024483360160.3994,164815125.26904297,0.004095479108441308
2028,4097427809028.2446,4097647096268.216,219287239.9711914,0.00535182680920004
2029,4171842421455.5303,4172117855721.052,275434265.5214844,0.006602221217775216
2030,4247585688694.016,4247918978673.4287,333289979.41259766,0.007846574591767038
