year,Saudi_GDP_SAR_baseline,Saudi_GDP_SAR_scenario,delta_abs,delta_pct
2025,3881924872046.2563,3807557524529.506,-74367347516.75049,-1.9157338168049003
2026,3952491731420.603,3793736439508.1436,-158755291912.45947,-4.016587578170586
2027,4024318545035.1304,3771159464632.3354,-253159080402.79492,-6.290731649837252
2028,4097427809028.2446,3738665381645.7363,-358762427382.5083,-8.755796175151971
2029,4171842421455.5303,3695043227221.8525,-476799194233.67773,-11.428983793384157
2030,4247585688694.016,3640017419886.6006,-607568268807.4155,-14.303849606250592
