year,Saudi_GDP_SAR_baseline,Saudi_GDP_SAR_scenario,delta_abs,delta_pct
2025,3881924872046.2563,3855214918785.009,-26709953261.24756,-0.6880595102080916
2026,3952491731420.603,3897712476186.007,-54779255234.59619,-1.385942310748553
2027,4024318545035.1304,3940019589424.6006,-84298955610.52979,-2.094738641267124
2028,4097427809028.2446,3982055486742.151,-115372322286.09375,-2.8157255640205094
2029,4171842421455.5303,4023724812724.926,-148117608730.6045,-3.5504123542357378
2030,4247585688694.016,4064913988972.7915,-182671699721.2246,-4.30060069670754
