year,Saudi_GDP_SAR_baseline,Saudi_GDP_SAR_scenario,delta_abs,delta_pct
2025,3881924872046.2563,4158082643059.5244,276157771013.26807,7.113939092481679
2026,3952491731420.603,4233669585803.761,281177854383.1582,7.1139390918370715
2027,4024318545035.1304,4310606115240.458,286287570205.32764,7.1139390930801305
2028,4097427809028.2446,4388916327727.3994,291488518699.1548,7.113939092639801
2029,4171842421455.5303,4468624750330.25,296782328874.7197,7.113939091955784
2030,4247585688694.016,4549756347479.421,302170658785.4048,7.113939092263767
