year,Saudi_GDP_SAR_baseline,Saudi_GDP_SAR_scenario,delta_abs,delta_pct
2025,3881924872046.2563,3830553742076.1294,-51371129970.12695,-1.3233416839169272
2026,3952491731420.603,3878110347870.907,-74381383549.6958,-1.881885873622351
2027,4024318545035.1304,3926151131530.154,-98167413504.97656,-2.4393549468415556
2028,4097427809028.2446,3974678572197.7026,-122749236830.54199,-2.9957632581122517
2029,4171842421455.5303,4023695006938.2593,-148147414517.271,-3.55112680563767
2030,4247585688694.016,4073202612860.067,-174383075833.94922,-4.1054634000230354
