year,Saudi_GDP_SAR_baseline,Saudi_GDP_SAR_scenario,delta_abs,delta_pct
2025,3881924872046.2563,3893498239679.8384,11573367633.582031,0.2981347660002866
2026,3952491731420.603,3975801227685.3047,23309496264.70166,0.5897418096893468
2027,4024318545035.1304,4059496386074.101,35177841038.9707,0.8741316236601151
2028,4097427809028.2446,4144708261853.637,47280452825.39258,1.1539056947193835
2029,4171842421455.5303,4231553276327.9976,59710854872.467285,1.4312826046683358
2030,4247585688694.016,4319983256956.6343,72397568262.61816,1.704440441432928
